morbi porttitor lorem id ligula,eros vestibulum ac est lacinia nisi venenatis tristique fusce congue diam id ornare imperdiet sapien urna,97.83,4852,17
quam nec dui luctus,pulvinar sed nisl nunc rhoncus dui vel sem sed sagittis nam congue risus semper porta volutpat quam pede lobortis,33.25,4628,23
congue etiam justo etiam,aliquet pulvinar sed nisl nunc rhoncus dui vel sem sed sagittis,85.92,3602,69
aliquet,cras pellentesque volutpat dui maecenas tristique est et tempus semper est quam pharetra magna ac consequat metus sapien,87.88,1954,55
dictumst maecenas ut massa quis,ut tellus nulla ut erat id mauris vulputate elementum nullam varius nulla facilisi cras non velit nec nisi vulputate,95.1,1576,66
sapien placerat ante nulla,porttitor lorem id ligula suspendisse ornare consequat,58.54,2990,13
habitasse,nunc purus phasellus in felis,45.09,1925,62
lorem ipsum dolor sit amet,praesent blandit nam nulla integer pede justo lacinia eget tincidunt eget tempus vel,9.83,2244,1
habitasse platea dictumst morbi vestibulum,primis in faucibus orci luctus et ultrices posuere cubilia curae nulla dapibus dolor vel est donec odio justo sollicitudin ut,42.42,4294,87
pharetra magna ac consequat metus,eu tincidunt in leo maecenas pulvinar lobortis est phasellus sit amet erat nulla,97.87,3294,3
